Workbook

Sheet Instructions
A1: FAIR cyber risk quantification calculator
A3: Built by Frank Remmy as part of GRC Mastery module 11. Implements the Open FAIR
A4: ontology (Factor Analysis of Information Risk) as a single-scenario calculator.
A6: HOW TO USE
A7: 1. | B7: Copy the "Scenario template" sheet for each new risk scenario.
A8: 2. | B8: Fill only the yellow input cells. Everything else is calculated.
A9: 3. | B9: Record the source and owner of every input. An input with no owner is a guess.
A10: 4. | B10: Read the Sensitivity sheet before presenting. A single figure invites attack;
B11: a range that survives pessimistic assumptions does not.
A13: WHO OWNS EACH INPUT
A14: Threat Event Frequency | B14: Security operations / email gateway telemetry
A15: Susceptibility | B15: Security operations / incident response — observed success rate
A16: Primary Loss | B16: Incident response + finance — hours worked at loaded cost
A17: Secondary Loss Magnitude | B17: Legal, contracts, finance, business owner
A18: Secondary Loss Event Frequency | B18: Legal + business owner — share of events causing fallout
A19: Control effectiveness | B19: Vendor data, industry research, or internal pilot
A20: Control cost | B20: Procurement — fully loaded annual cost, not licence alone
A22: MODEL NOTES
A23: • | B23: Susceptibility is FAIR's "Vulnerability" — the probability a threat event becomes
B24: a loss event. Where observed success-rate data exists, use it instead of
B25: estimating Threat Capability against Resistance Strength separately.
A26: • | B26: Secondary loss is modelled as SLEF x SLM. SLEF is below 100% by definition —
B27: not every loss event produces fallout. Setting it to 100% overstates exposure.
A28: • | B28: Controls that change behaviour or filtering act on SUSCEPTIBILITY, not on Threat
B29: Event Frequency. Almost nothing an organisation buys reduces how often it is
B30: attacked.
A31: • | B31: This is a deterministic point-estimate model. Full FAIR practice uses calibrated
B32: ranges and Monte Carlo simulation. The Sensitivity sheet is the substitute.
A34: COLOUR KEY
A35: Yellow | B35: Input — edit these
A36: Green | B36: Calculated output
A37: Blue text | B37: Hardcoded assumption

Sheet Oscorp phishing
B1: Oscorp — phishing risk quantification
B3: Scenario | C3: A phishing email delivered to an Oscorp employee results in credential compromise or malware execution, requiring incident response and potentially exposing research data.
B4: Asset | C4: Employee mailboxes and credentials; the research data estate reachable from them
B5: Threat | C5: External actors sending phishing email — commodity criminal through to targeted
B7: Loss Event Frequency | E7: Source / owner
B8: Threat Event Frequency (TEF) | C8: 3000 | D8: per year | E8: ASSUMPTION. Oscorp has no SOC and no email gateway reporting, so no observed figure exists. Estimated as ~250 staff x ~12 phishing emails reaching inboxes per year. Range tested: 1,500-6,000. Replace with gateway data before presenting.
B9: Susceptibility (Susc) | C9: 0.002 | D9: probability | E9: ASSUMPTION. Share of delivered phishing that becomes a loss event (not click rate — a click stopped by MFA is not a loss event). Onboarding-only training last refreshed 2013, no simulation. Range tested: 0.1%-0.4%.
B10: Loss Event Frequency (LEF) | C10: =C8*C9 -> 6 | D10: per year | E10: LEF = TEF x Susceptibility. Loss events expected per year.
B12: Loss Magnitude
B13: Primary Loss per event (PL) | C13: 18000 | D13: per event | E13: ASSUMPTION. Incident response hours, external IR provider call-off, credential reset, user downtime, forensic review. Oscorp has no internal IR team, so this is mostly external cost. Range tested: EUR 8,000-35,000.
B14: Secondary Loss Magnitude (SLM) | C14: 250000 | D14: per event | E14: ASSUMPTION. Regulatory notification and legal costs, research partner contract consequences, and potential research IP exposure. Oscorp is likely in NIS2 scope and is subject to GDPR. Range tested: EUR 80,000-1,200,000. Requires legal input.
B15: Secondary Loss Event Freq (SLEF) | C15: 0.15 | D15: of events | E15: ASSUMPTION. Share of loss events producing fallout. Most contained credential compromises will not; events touching research data will. Requires legal and business owner input. Range tested: 5%-40%.
B16: Expected Secondary Loss (SL) | C16: =C14*C15 -> 37500 | D16: per event | E16: SL = SLM x SLEF. SLEF is below 100% because fallout is indirect.
B17: Total Loss per event (LM) | C17: =C13+C16 -> 55500 | D17: per event | E17: LM = PL + SL.
B19: Annualised exposure — current state
B20: Annualised Loss Exposure (ALE) | C20: =C10*C17 -> 333000 | D20: per year | E20: ALE = LEF x Loss Magnitude. The headline figure.
B22: Proposed control | E22: Source / owner
B23: Control name | C23: Awareness + phishing simulation programme | E23: The platform Norman Osborn was pitched at lunch (module 06 assessment)
B24: Reduction in susceptibility | C24: 0.5 | D24: reduction | E24: ASSUMPTION, deliberately conservative. Vendor claims are typically higher. Range tested: 20%-65%. See break-even below.
B25: Annual control cost | C25: 60000 | D25: per year | E25: ASSUMPTION. Licence plus internal administration time, not licence alone. Procurement to confirm.
B26: Residual Susceptibility | C26: =C9*(1-C24) -> 0.001 | E26: The control acts on susceptibility, not on how often attacks arrive.
B27: Residual LEF | C27: =C8*C26 -> 3 | D27: per year | E27: Recomputed from the reduced susceptibility.
B28: Residual ALE | C28: =C27*C17 -> 166500 | D28: per year | E28: Exposure the organisation still carries.
B30: Decision
B31: Risk reduction | C31: =C20-C28 -> 166500 | E31: Annual loss avoided.
B32: Total annual cost with control | C32: =C28+C25 -> 226500 | E32: Residual ALE plus the control cost.
B33: Net annual benefit | C33: =C20-C32 -> 106500 | E33: Positive means the control pays for itself.
B34: ROSI | C34: =IF(C25=0,"n/a",(C31-C25)/C25) -> 1.775 | E34: Return on security investment = (risk reduction - cost) / cost.
B35: Break-even effectiveness | C35: =IF(C20=0,"n/a",C25/C20) -> 0.18018018 | E35: The control pays for itself above this reduction. The most robust number here.
B37: Every yellow cell is an estimate. Record who supplied it and when.

Sheet Scenario template
B1: FAIR scenario — <name>
B3: Scenario | C3: <Describe the asset, the threat, and the form of loss>
B4: Asset | C4: <What is being protected>
B5: Threat | C5: <Who or what causes the loss>
B7: Loss Event Frequency | E7: Source / owner
B8: Threat Event Frequency (TEF) | D8: per year | E8: Example: 3,000 phishing emails reaching inboxes per year (from the email gateway)
B9: Susceptibility (Susc) | D9: probability | E9: Example: 0.20% of delivered phishing becomes a loss event (from IR records)
B10: Loss Event Frequency (LEF) | C10: =C8*C9 -> 0 | D10: per year | E10: LEF = TEF x Susceptibility. Loss events expected per year.
B12: Loss Magnitude
B13: Primary Loss per event (PL) | D13: per event | E13: Example: EUR 18,000 per event in response hours and external IR cost
B14: Secondary Loss Magnitude (SLM) | D14: per event | E14: Example: EUR 250,000 in legal, regulatory and contract fallout when it occurs
B15: Secondary Loss Event Freq (SLEF) | D15: of events | E15: Example: 15% of loss events produce fallout
B16: Expected Secondary Loss (SL) | C16: =C14*C15 -> 0 | D16: per event | E16: SL = SLM x SLEF. SLEF is below 100% because fallout is indirect.
B17: Total Loss per event (LM) | C17: =C13+C16 -> 0 | D17: per event | E17: LM = PL + SL.
B19: Annualised exposure — current state
B20: Annualised Loss Exposure (ALE) | C20: =C10*C17 -> 0 | D20: per year | E20: ALE = LEF x Loss Magnitude. The headline figure.
B22: Proposed control | E22: Source / owner
B23: Control name
B24: Reduction in susceptibility | D24: reduction | E24: Example: 50% reduction in susceptibility
B25: Annual control cost | D25: per year | E25: Example: EUR 60,000 per year fully loaded
B26: Residual Susceptibility | C26: =C9*(1-C24) -> 0 | E26: The control acts on susceptibility, not on how often attacks arrive.
B27: Residual LEF | C27: =C8*C26 -> 0 | D27: per year | E27: Recomputed from the reduced susceptibility.
B28: Residual ALE | C28: =C27*C17 -> 0 | D28: per year | E28: Exposure the organisation still carries.
B30: Decision
B31: Risk reduction | C31: =C20-C28 -> 0 | E31: Annual loss avoided.
B32: Total annual cost with control | C32: =C28+C25 -> 0 | E32: Residual ALE plus the control cost.
B33: Net annual benefit | C33: =C20-C32 -> 0 | E33: Positive means the control pays for itself.
B34: ROSI | C34: =IF(C25=0,"n/a",(C31-C25)/C25) -> n/a | E34: Return on security investment = (risk reduction - cost) / cost.
B35: Break-even effectiveness | C35: =IF(C20=0,"n/a",C25/C20) -> n/a | E35: The control pays for itself above this reduction. The most robust number here.
B37: Every yellow cell is an estimate. Record who supplied it and when.

Sheet Sensitivity
B1: Oscorp phishing — sensitivity analysis
B2: The conclusion rests on estimates. These tables show whether it survives pessimistic ones. Values recalculate from the Oscorp phishing sheet.
B4: Net annual benefit vs. control effectiveness
B5: Reduction in susceptibility | C5: 0.2 | D5: 0.3 | E5: 0.4 | F5: 0.5 | G5: 0.65
B6: Residual ALE | C6: ='Oscorp phishing'!$C$8*('Oscorp phishing'!$C$9*(1-C5))*'Oscorp phishing'!$C$17 -> 266400 | D6: ='Oscorp phishing'!$C$8*('Oscorp phishing'!$C$9*(1-D5))*'Oscorp phishing'!$C$17 -> 233100 | E6: ='Oscorp phishing'!$C$8*('Oscorp phishing'!$C$9*(1-E5))*'Oscorp phishing'!$C$17 -> 199800 | F6: ='Oscorp phishing'!$C$8*('Oscorp phishing'!$C$9*(1-F5))*'Oscorp phishing'!$C$17 -> 166500 | G6: ='Oscorp phishing'!$C$8*('Oscorp phishing'!$C$9*(1-G5))*'Oscorp phishing'!$C$17 -> 116550
B7: Net annual benefit | C7: ='Oscorp phishing'!$C$20-C6-'Oscorp phishing'!$C$25 -> 6600 | D7: ='Oscorp phishing'!$C$20-D6-'Oscorp phishing'!$C$25 -> 39900 | E7: ='Oscorp phishing'!$C$20-E6-'Oscorp phishing'!$C$25 -> 73200 | F7: ='Oscorp phishing'!$C$20-F6-'Oscorp phishing'!$C$25 -> 106500 | G7: ='Oscorp phishing'!$C$20-G6-'Oscorp phishing'!$C$25 -> 156450
B10: Current ALE vs. the two least certain likelihood inputs
B11: Susceptibility \ TEF | C11: 1500 | D11: 2250 | E11: 3000 | F11: 4500 | G11: 6000
B12: 0.001 | C12: =C$11*$B12*'Oscorp phishing'!$C$17 -> 83250 | D12: =D$11*$B12*'Oscorp phishing'!$C$17 -> 124875 | E12: =E$11*$B12*'Oscorp phishing'!$C$17 -> 166500 | F12: =F$11*$B12*'Oscorp phishing'!$C$17 -> 249750 | G12: =G$11*$B12*'Oscorp phishing'!$C$17 -> 333000
B13: 0.0015 | C13: =C$11*$B13*'Oscorp phishing'!$C$17 -> 124875 | D13: =D$11*$B13*'Oscorp phishing'!$C$17 -> 187312.5 | E13: =E$11*$B13*'Oscorp phishing'!$C$17 -> 249750 | F13: =F$11*$B13*'Oscorp phishing'!$C$17 -> 374625 | G13: =G$11*$B13*'Oscorp phishing'!$C$17 -> 499500
B14: 0.002 | C14: =C$11*$B14*'Oscorp phishing'!$C$17 -> 166500 | D14: =D$11*$B14*'Oscorp phishing'!$C$17 -> 249750 | E14: =E$11*$B14*'Oscorp phishing'!$C$17 -> 333000 | F14: =F$11*$B14*'Oscorp phishing'!$C$17 -> 499500 | G14: =G$11*$B14*'Oscorp phishing'!$C$17 -> 666000
B15: 0.003 | C15: =C$11*$B15*'Oscorp phishing'!$C$17 -> 249750 | D15: =D$11*$B15*'Oscorp phishing'!$C$17 -> 374625 | E15: =E$11*$B15*'Oscorp phishing'!$C$17 -> 499500 | F15: =F$11*$B15*'Oscorp phishing'!$C$17 -> 749250 | G15: =G$11*$B15*'Oscorp phishing'!$C$17 -> 999000
B16: 0.004 | C16: =C$11*$B16*'Oscorp phishing'!$C$17 -> 333000 | D16: =D$11*$B16*'Oscorp phishing'!$C$17 -> 499500 | E16: =E$11*$B16*'Oscorp phishing'!$C$17 -> 666000 | F16: =F$11*$B16*'Oscorp phishing'!$C$17 -> 999000 | G16: =G$11*$B16*'Oscorp phishing'!$C$17 -> 1332000
B18: Current ALE vs. the secondary loss assumptions
B19: SLEF \ SLM | C19: 80000 | D19: 150000 | E19: 250000 | F19: 600000 | G19: 1200000
B20: 0.05 | C20: ='Oscorp phishing'!$C$10*('Oscorp phishing'!$C$13+C$19*$B20) -> 132000 | D20: ='Oscorp phishing'!$C$10*('Oscorp phishing'!$C$13+D$19*$B20) -> 153000 | E20: ='Oscorp phishing'!$C$10*('Oscorp phishing'!$C$13+E$19*$B20) -> 183000 | F20: ='Oscorp phishing'!$C$10*('Oscorp phishing'!$C$13+F$19*$B20) -> 288000 | G20: ='Oscorp phishing'!$C$10*('Oscorp phishing'!$C$13+G$19*$B20) -> 468000
B21: 0.1 | C21: ='Oscorp phishing'!$C$10*('Oscorp phishing'!$C$13+C$19*$B21) -> 156000 | D21: ='Oscorp phishing'!$C$10*('Oscorp phishing'!$C$13+D$19*$B21) -> 198000 | E21: ='Oscorp phishing'!$C$10*('Oscorp phishing'!$C$13+E$19*$B21) -> 258000 | F21: ='Oscorp phishing'!$C$10*('Oscorp phishing'!$C$13+F$19*$B21) -> 468000 | G21: ='Oscorp phishing'!$C$10*('Oscorp phishing'!$C$13+G$19*$B21) -> 828000
B22: 0.15 | C22: ='Oscorp phishing'!$C$10*('Oscorp phishing'!$C$13+C$19*$B22) -> 180000 | D22: ='Oscorp phishing'!$C$10*('Oscorp phishing'!$C$13+D$19*$B22) -> 243000 | E22: ='Oscorp phishing'!$C$10*('Oscorp phishing'!$C$13+E$19*$B22) -> 333000 | F22: ='Oscorp phishing'!$C$10*('Oscorp phishing'!$C$13+F$19*$B22) -> 648000 | G22: ='Oscorp phishing'!$C$10*('Oscorp phishing'!$C$13+G$19*$B22) -> 1188000
B23: 0.25 | C23: ='Oscorp phishing'!$C$10*('Oscorp phishing'!$C$13+C$19*$B23) -> 228000 | D23: ='Oscorp phishing'!$C$10*('Oscorp phishing'!$C$13+D$19*$B23) -> 333000 | E23: ='Oscorp phishing'!$C$10*('Oscorp phishing'!$C$13+E$19*$B23) -> 483000 | F23: ='Oscorp phishing'!$C$10*('Oscorp phishing'!$C$13+F$19*$B23) -> 1008000 | G23: ='Oscorp phishing'!$C$10*('Oscorp phishing'!$C$13+G$19*$B23) -> 1908000
B24: 0.4 | C24: ='Oscorp phishing'!$C$10*('Oscorp phishing'!$C$13+C$19*$B24) -> 300000 | D24: ='Oscorp phishing'!$C$10*('Oscorp phishing'!$C$13+D$19*$B24) -> 468000 | E24: ='Oscorp phishing'!$C$10*('Oscorp phishing'!$C$13+E$19*$B24) -> 708000 | F24: ='Oscorp phishing'!$C$10*('Oscorp phishing'!$C$13+F$19*$B24) -> 1548000 | G24: ='Oscorp phishing'!$C$10*('Oscorp phishing'!$C$13+G$19*$B24) -> 2988000
B26: Reading these tables
B27: The break-even effectiveness on the scenario sheet is the most robust number in this workbook: it depends only on the control cost and the current ALE, not on any claim the vendor makes. Present that alongside the headline figure.
